breed_name,image,description,coat_length,characteristics,personality,playfullness,activity,friendliness_others,friendliness_children,grooming,vocality,attention,affection,docility,intelligence,independence,hardiness
Abyssinian,https://d17fnq9dkz9hgj.cloudfront.net/breed-uploads/2018/08/abyssinian-detail.jpg?bust=1535664455&width=355,"The Abyssinian is often a colorful cat with a distinctly ticked coat, medium in size and regal in appearance; lithe, hard and muscular, showing eager activity and lively interest in their surroundings. They are often well balanced temperamentally and physically.",Shorthair,"Ticked coat; ruddy, red, blue and fawn colors","Busy, active, agenda-driven and affectionate",5,5,3,2,2,1,4,4,1,4,3,2
American Bobtail,https://d17fnq9dkz9hgj.cloudfront.net/breed-uploads/2018/08/American-Bobtail-01.jpg?bust=1539031086&width=355,"The American Bobtail is generally medium to large cat, with a naturally occurring bobbed tail. The American Bobtail is athletic and usually well-muscled with a sometimes powerful look. They possess a natural hunting gaze that combined with their body type, give American Bobtail a distinctive wild appearance.",Longhair and Shorthair,"Medium to large, naturally occurring, bobtailed cat",Loving and intelligent,4,4,4,4,3,3,4,5,2,4,3,4
American Curl,https://d17fnq9dkz9hgj.cloudfront.net/breed-uploads/2018/08/american-curl-detail.jpg?bust=1535566890&width=355,"The distinctive feature of the American Curl is their attractive, uniquely curled-back ears. Elegant, well balanced, moderately muscled, slender rather than massive in build.  They often appear well proportioned and balanced and can vary in size.",Longhair and Shorthair,"Ears curl back, away from the face; available in a variety of colors and patterns",Energetic and affectionate,4,4,4,4,3,1,4,4,3,4,3,4
American Shorthair,https://d17fnq9dkz9hgj.cloudfront.net/breed-uploads/2018/08/american-shorthair-detail.jpg?bust=1535566898&width=355,"The American Shorthair is a true breed of working cat. The general effect is that of a strongly built, well balanced, symmetrical cat with conformation indicating power, endurance, and agility.",Shorthair,"Stocky, working breed",available in a wide variety of colors and patternsPersonality,4,2,4,4,1,1,3,3,4,3,4,4
American Wirehair,https://d17fnq9dkz9hgj.cloudfront.net/breed-uploads/2018/08/american-wirehair-detail.jpg?bust=1535566905&width=355,"The American Wirehair cat resulted as a spontaneous mutation. Their coat, which is not only springy, dense, and resilient, but also coarse and hard to the touch, distinguishes the American Wirehair from all other breeds.",Shorthair,"Crimped, springy coat; available in a variety of colors and patterns",Even temperament,4,3,3,3,2,3,3,4,2,4,3,3
Balinese,https://d17fnq9dkz9hgj.cloudfront.net/breed-uploads/2018/08/balinese-detail.jpg?bust=1535566910&width=355,"The Balinese is often a svelte cat with long tapering lines, very lithe but strong and muscular. The Balinese is unique with their distinct range of colors and silky coat that hides a supple and athletic body.",Longhair,LH variety of Siamese and Colorpoint Shorthair,"Vocal, affectionate, active",5,4,3,3,2,5,5,4,1,5,1,2
Bengal,https://d17fnq9dkz9hgj.cloudfront.net/breed-uploads/2018/08/bengal-detail.jpg?bust=1535566919&width=355,"The Bengal is a domestic cat that has physical features distinctive to the small forest-dwelling wildcats, and with the loving, dependable temperament of a family pet. As such, some characteristics in the appearance of the Bengal are distinct from those found in other domestic cat breeds.",Shorthair,"Richly colored, highly contrasted coat of vivid spots or distinctive marbling",Curious and athletic,5,5,2,2,1,2,4,4,1,5,2,3
Birman,https://d17fnq9dkz9hgj.cloudfront.net/breed-uploads/2018/08/birman-detail.jpg?bust=1535566930&width=355,"A cat of mystery and legend, the Birman is a colorpointed cat with long silky hair and four pure white feet. They are often strongly built, elongated and stocky, neither svelte nor stocky. Their distinctive head has strong jaws, firm chin, and medium length nose.",Longhair,Stocky body with white feet and point color pattern; easy to groom coat of intermediate length,Sweet and affectionate,3,2,4,4,4,1,4,4,5,3,2,3
Bombay,https://d17fnq9dkz9hgj.cloudfront.net/breed-uploads/2018/08/bombay-detail.jpg?bust=1535566943&width=355,"The Bombay is a medium-size cat, well-balanced, friendly, alert, and outgoing; muscular and having a surprising weight for their size. Their body and tail is usually of medium length, their head rounded with medium-sized, wide-set ears, a moderate nose stop, which is visible, large rounded wide-set eyes.",Shorthair,"Glossy, black coat",Playful and affectionate; lap cats,4,3,3,4,1,2,3,4,4,3,2,3
British Shorthair,https://d17fnq9dkz9hgj.cloudfront.net/breed-uploads/2018/08/british-shorthair-detail.jpg?bust=1535566957&width=355,"The British Shorthair is a compact, well-balanced, and powerful cat, with a short, very dense coat. They often convey an overall impression of balance and proportion in which no feature is exaggerated.",Shorthair,"Stocky, sturdy, plush coat; blue is very popular but also come in other colors",Calm and quiet; enjoy people,3,2,4,4,2,2,1,3,4,4,4,3
Burmese,https://d17fnq9dkz9hgj.cloudfront.net/breed-uploads/2018/08/Burmese-01.jpg?bust=1539031130&width=355,"The Burmese is a cat of medium size with substantial bone structure, good muscular development, and a surprising weight for their size. This together with a rounded head, expressive eyes, and a sweet expression presents a totally distinctive cat who is comparable to no other breed.",Shorthair,"Stocky and well muscled; sable, also champagne, blue and platinum","People oriented, affectionate",5,4,3,3,1,4,4,5,1,4,2,3
Burmilla,https://d17fnq9dkz9hgj.cloudfront.net/breed-uploads/2018/08/Burmilla-02.jpg?bust=1539031164&width=355,The Burmilla’s appearance is that of an elegant cat of foreign type and medium size.,Longhair and Shorthair,"Sparkling silver coat, and distinctive “make up” lining the nose, lips and eyes","Sociable, playful, and affectionate",4,3,5,5,1,5,3,4,4,4,4,3
Chartreux,https://d17fnq9dkz9hgj.cloudfront.net/breed-uploads/2018/08/chartreux-detail.jpg?bust=1535566975&width=355,"The Chartreux is a sturdy, shorthaired French breed coveted in antiquity for its hunting prowess and its dense, water repellent fur. This breed’s husky, robust type is sometimes termed primitive, neither cobby nor classic. Though amply built, Chartreux are extremely supple and agile cats; refined, never coarse nor clumsy.",Shorthair,"Blue only, well muscled, medium woolly coat",Quickly become attached to their family,3,3,4,4,2,1,3,4,4,4,3,4
Chausie,https://d17fnq9dkz9hgj.cloudfront.net/breed-uploads/2019/10/chausie-482x260.jpg?bust=1570809704&width=355,"The leggy, limber and statuesque Chausie is a true athlete in a cat’s body. Graceful and well-balanced, the Chausie is a large-sized, exotic-looking cat with a long, lean body and seemingly endless energy. She has a deep chest, shortened tail and sloping muzzle offset by angular cheekbones and large tufted ears. The Chausie’s short coat can be brown-ticked tabby, solid black or grizzled tabby.",,,,5,5,3,1,2,2,4,4,3,5,2,3
Cornish Rex,https://d17fnq9dkz9hgj.cloudfront.net/breed-uploads/2018/08/cornish-rex-detail.jpg?bust=1535566983&width=355,"The Cornish Rex is distinguished from all other breeds by its extremely soft, wavy coat and racy type. The cat is surprisingly heavy and warm to the touch. All contours of the Cornish Rex are gently curved.",Shorthair,"Soft, wavy, curly coat; many colors and patterns","Active, racy, affectionate",5,5,2,2,1,1,5,5,1,4,2,2
Cymric,https://d17fnq9dkz9hgj.cloudfront.net/breed-uploads/2018/08/cymric-detail.jpg?bust=1535566992&width=355,"The overall appearance should be that of a medium-sized, compact, muscular cat. The Cymric has a round head with a firm muzzle and prominent cheeks, short front legs, height of hindquarters, great depth of flank, and a short back, which forms a smooth continuous arch from the shoulders to the round rump. The Manx and Cymric are essentially the same in all respects, the Cymric having a longer coat. The Cymric has a medium/semi-long coat with a silky texture, which varies with coat color. Britches, tufts of hair between the toes and full furnishings in the ears distinguish the Cymric.",,,,3,3,5,5,3,2,3,4,4,4,3,1
Devon Rex,https://d17fnq9dkz9hgj.cloudfront.net/breed-uploads/2018/08/devon-rex-detail.jpg?bust=1535566997&width=355,"The Devon Rex is a breed of unique appearance. The breed’s large eyes, short muzzle, prominent cheekbones, and huge, lowset ears create a characteristic elfin look. A cat of medium fine frame, the Devon is well covered with soft, wavy fur. The fur is of a distinctive texture, as the mutation that causes its wavy coat is cultivated in no other breed.",Shorthair,"Naturally curly, wavy coat; many colors and patterns",Pixie look and personality,4,4,3,3,1,2,4,5,3,4,2,3
Egyptian Mau,https://d17fnq9dkz9hgj.cloudfront.net/breed-uploads/2018/08/egyptian-mau-detail.jpg?bust=1535567005&width=355,"The Egyptian Mau is the only natural domesticated breed of spotted cat. The Egyptian’s impression should be one of an active, colorful cat of medium size with well-developed muscles.",Shorthair,"Spotted pattern in silver, bronze and black smoke",Athletic and active,5,5,3,3,1,4,4,4,1,4,3,3
Exotic,https://d17fnq9dkz9hgj.cloudfront.net/breed-uploads/2018/08/exotic-shorthair-detail.jpg?bust=1535567015&width=355,"The ideal Exotic should present an impression of a heavily boned, well balanced cat with a sweet expression and soft, round lines. The large, round eyes set wide apart in a large round head contribute to the overall look and expression. The thick, plush coat softens the lines of the cat and accentuates the roundness in appearance.",Longhair and Shorthair,Body and head type like a Persian but with a short plush coat; available in same colors and patterns as the Persian,"Sweet, affectionate, quiet",3,1,4,4,2,1,4,5,5,2,2,2
Havana,https://d17fnq9dkz9hgj.cloudfront.net/breed-uploads/2018/08/havana-detail.jpg?bust=1535567025&width=355,"The overall impression of the ideal Havana Brown is a cat of medium size with a rich, solid color coat and good muscle tone. Due to its distinctive muzzle shape, coat color, brilliant and expressive eyes, and large forward tilted ears, it is comparable to no other breed.",Shorthair,Chocolate brown,"Busy, affectionate",4,3,3,3,1,1,5,4,3,5,2,3
Himalayan,https://d17fnq9dkz9hgj.cloudfront.net/breed-uploads/2018/08/himalayan-detail.jpg?bust=1535567032&width=355,"The Himalayan is a hybrid breed identical to the Persian, but distinguished by the points on the cats’ extremities (the facial mask, feet, ears, and tail) which results in a Persian-type cat with the coloring and deep blue eyes of the Siamese-patterned cat. The ideal Himalayan is a strong cat with excellent boning and musculature, a well-balanced cat, giving the impression of robust power.",Longhair,"Stocky body, long full coat, round head with a short nose; broad face; available in a variety of colors and patterns","Sweet, affectionate, quiet",3,1,4,4,5,1,4,5,5,2,2,2
Japanese Bobtail,https://d17fnq9dkz9hgj.cloudfront.net/breed-uploads/2018/08/Japanese-Bobtail-03.jpg?bust=1539031193&width=355,"The Japanese Bobtail presents the overall impression of a medium-sized cat with clean lines and bone structure, well-muscled but straight and slender rather than massive in build. The unique set of this cat’s eyes, combined with high cheekbones and a long parallel nose, lend a distinctive Japanese cast to the face. The short tail resembles a bunny tail with the hair fanning out to create a pom-pom appearance, which effectively camouflages underlying bone structure of the tail. Overall type, composed of balance, elegance, and refinement is essence of Japanese Bobtail breed.",Longhair and Shorthair,Short pom-pom tail; many colors and patterns available,"Active, intelligent, and affectionate",5,4,4,4,2,4,4,5,2,4,2,3
Javanese,https://d17fnq9dkz9hgj.cloudfront.net/breed-uploads/2018/08/javanese-detail.jpg?bust=1535567244&width=355,"Javanese cats are faithful companions who will follow you from room to room, chatting at you along the way. The Javanese shares many similarities with the Siamese, but there are subtle differences between the two.",,,,5,5,3,3,2,5,5,5,2,5,1,3
Korat,https://d17fnq9dkz9hgj.cloudfront.net/breed-uploads/2018/08/korat-detail.jpg?bust=1535567046&width=355,"The Korat’s general appearance is of a silver blue cat with a heavy silver sheen, medium sized, hard bodied, and muscular. This cat is all smooth curves, with huge eyes that are luminous, alert, and expressive. The breed has a perfect physical condition and alert appearance.",Shorthair,Thai “good luck” cat; silver blue coat and a heart shaped face; muscular,Energetic and affectionate,4,4,3,3,1,3,4,5,1,4,2,2
LaPerm,https://d17fnq9dkz9hgj.cloudfront.net/breed-uploads/2018/08/laperm-detail.jpg?bust=1535567062&width=355,"The LaPerm breed is a naturally occurring mutation producing curly coats in both long- and shorthaired cats. They are medium sized, of moderate type. All parts of body are in harmony with the size of cat. This breed matures in two to three years.",Longhair and Shorthair,"Medium sized, curly coated; many colors and patterns","Affectionate, gentle and while very active, enjoy sitting in a comfortable lap",4,4,4,4,2,1,3,5,4,4,3,4
Maine Coon,https://d17fnq9dkz9hgj.cloudfront.net/breed-uploads/2018/08/maine-coon-detail.jpg?bust=1535567072&width=355,"The Maine Coon is solid, rugged, and can endure a harsh climate. A distinctive characteristic of this cat is the smooth, shaggy coat. This breed is well-proportioned, has a balanced appearance, and has adapted to varied environments.",Longhair,"Large, rugged cat; many colors and patterns are available","Gentle, easy going yet active",4,3,4,4,4,1,3,4,4,4,4,5
Manx,https://d17fnq9dkz9hgj.cloudfront.net/breed-uploads/2018/08/Manx-01-1.jpg?bust=1539031296&width=355,"The overall impression of the Manx cat is that of roundness; round head with firm, round muzzle and prominent cheeks; broad chest; substantial short front legs; short back which arches from shoulders to a round rump; great depth of flank and rounded, muscular thighs.",Longhair and Shorthair,"Tailless cat from the Isle of Man; thick, dense coat; heavy cat; many colors and patterns are available",Quiet and gentle,4,3,5,5,3,2,3,4,4,4,3,1
Munchkin,https://d17fnq9dkz9hgj.cloudfront.net/breed-uploads/2018/08/munchkin-detail.jpg?bust=1535567248&width=355,"The Munchkin cat has no problem getting around the same as its longer-limbed feline friends — it just might take them a few extra steps along the way. These cute, curious cats are known for snatching shiny objects, so don’t be surprised if these “magpies” borrow your favorite piece of jewelry.",,,,5,4,5,4,3,2,5,5,4,5,1,3
Nebelung,https://d17fnq9dkz9hgj.cloudfront.net/breed-uploads/2018/08/Nebelung-01.jpg?bust=1539031383&width=355,"Nebelung cats look similar to the Russian Blue, but they are two separate breeds. The Nebulung is recognizable by its thick, shimmering blue coat and adored for its sweet, affectionate personality. Make sure you have plenty of time to spend with this loyal cat.",,,,4,4,4,3,3,2,4,4,3,4,2,4
Norwegian Forest Cat,https://d17fnq9dkz9hgj.cloudfront.net/breed-uploads/2018/08/norwegian-forest-cat-detail.jpg?bust=1535567083&width=355,"The Norwegian Forest Cat is a sturdy cat with a distinguishing double coat and easily recognizable body shape. This is a slow maturing breed, attaining full growth at approximately five years of age.",Longhair,Stocky and hardy with a heavy coat,Active and sweet,4,4,4,4,3,1,3,4,4,4,3,4
Ocicat,https://d17fnq9dkz9hgj.cloudfront.net/breed-uploads/2018/08/ocicat-detail.jpg?bust=1535567095&width=355,"The Ocicat is a medium to large, well-spotted agouti cat of moderate type. This breed displays the look of an athletic animal: well-muscled and solid, graceful and lithe, yet with a fullness of body and chest. This powerful, athletic, yet graceful spotted cat is particularly noted for having a “wild” appearance.",Shorthair,Spotted hybrid; athletic and muscular,"Strong, active and social",5,5,4,4,1,4,4,4,1,4,2,3
Oriental,https://d17fnq9dkz9hgj.cloudfront.net/breed-uploads/2018/08/oriental-short-hair-detail.jpg?bust=1535567104&width=355,"The Oriental is a svelte cat with long, tapering lines, very lithe but muscular. Excellent physical condition. Eyes clear. Strong and lithe, neither bony nor flabby. Because of the longer coat, the Longhair Division appears to have softer lines and less extreme type than the Shorthair Division.",Longhair and Shorthair,Siamese style cat without the point markings; over 150 colors and patterns are possible,"Vocal, affectionate, active; can be insistent",5,4,3,3,1,4,5,4,1,5,1,2
Persian,https://d17fnq9dkz9hgj.cloudfront.net/breed-uploads/2018/08/persian-detail.jpg?bust=1535567111&width=355,"The Persian is a heavily boned, well-balanced cat with a sweet expression and soft, round lines. This cat has large round eyes set wide apart in a large round head. The long thick coat softens the lines of the cat and accentuates the roundness in appearance.",Longhair,"Stocky body, long full coat, round head with a short nose; broad face; available in a variety of colors and patterns","Sweet, affectionate, quiet",3,1,4,4,5,1,4,4,5,2,2,2
Pixiebob,https://d17fnq9dkz9hgj.cloudfront.net/breed-uploads/2018/08/Pixiebob-01.jpg?bust=1539031414&width=355,The Pixiebob is a domestic cat that has a visual similarity to the North American Bobcat.,,,,4,4,3,4,4,3,4,4,2,5,2,4
Ragamuffin,https://d17fnq9dkz9hgj.cloudfront.net/breed-uploads/2018/08/ragamuffin-detail.jpg?bust=1535567123&width=355,"The overall impression of the RagaMuffin is one of sweetness and robust health. They are a large cat with substantial bone structure and full bodies. The large, expressive eyes strongly contribute to the overall sweet look. The only extremes in this cat are large size, large expressive eyes, and docile nature. RagaMuffins attain full maturity at approximately four years of age.",Longhair,"Large size, large expressive eyes, all colors except pointed","Docile, people loving and affectionate",3,2,4,4,4,2,2,4,5,4,2,3
Ragdoll,https://d17fnq9dkz9hgj.cloudfront.net/breed-uploads/2018/08/ragdoll-detail.jpg?bust=1535567131&width=355,"The Ragdoll is a well-balanced cat with no extreme features. They are a medium to large, moderately longhaired, blue-eyed pointed cats. The point markings may be covered by a range of white overlay patterns. Ragdolls are slow maturing, reaching full coat and color at about three years of age. The Ragdoll is an affectionate and intelligent cat, giving the impression of graceful movement and subdued power, striking in appearance.",Longhair,Large cat with color at the points,"Docile, placid and affectionate",3,2,4,4,4,2,2,4,5,4,2,3
Russian Blue,https://d17fnq9dkz9hgj.cloudfront.net/breed-uploads/2018/08/russian-blue-detail.jpg?bust=1535567138&width=355,The Russian Blue cat is recognizable by his beautiful green eyes and a striking blue coat that has a lustrous sheen.,Shorthair,"Short, dense silver tipped blue coat","Graceful, playful and quiet",3,3,3,3,2,1,3,3,4,4,4,4
Scottish Fold,https://d17fnq9dkz9hgj.cloudfront.net/breed-uploads/2018/08/scottish-fold-detail.jpg?bust=1535567146&width=355,"The Scottish Fold cat occurred as a spontaneous mutation in farm cats in Scotland. The breed has been established by crosses to British Shorthair and domestic cats in Scotland and England. In America, the outcross is the American and British Shorthair. All bona fide Scottish Fold cats trace their pedigree to Susie.",Longhair and Shorthair,Ears fold forward and down; large round eyes; also available with straight ears; many colors and patterns are bred,Affectionate and laid back; sweet expressions,4,2,3,3,3,1,3,4,4,4,4,2
Selkirk Rex,https://d17fnq9dkz9hgj.cloudfront.net/breed-uploads/2018/08/1-Selkirk-Rex-cat-482x260.png?bust=1556225638&width=355,"The Selkirk Rex is the result of a dominant, spontaneous mutation that causes each hair (guard, down and awn) to have a gentle curl giving the coat a soft feel. The Selkirk Rex is a medium to large cat with heavy boning that gives the cat surprising weight and an impression of power.",Longhair and Shorthair,"Naturally curly coat; rounded, stocky body",Quiet,3,2,4,4,4,3,4,4,5,3,3,4
Siamese,https://d17fnq9dkz9hgj.cloudfront.net/breed-uploads/2018/08/siamese-detail.jpg?bust=1535567164&width=355,"The ideal Siamese is a medium-sized, svelte, refined cat with long tapering lines, very lithe but muscular. Males may be proportionately larger. Balance and refinement are the essence of the breed, where all parts come together in a harmonious whole, with neither too much nor too little consideration given to any one feature.",Shorthair,"Long, slender body with color at the points – chocolate, seal, blue and lilac; long slender legs; long wedge shaped head","Vocal, affectionate, active; can be insistent",5,4,3,2,1,5,5,4,1,5,1,2
Siberian,https://d17fnq9dkz9hgj.cloudfront.net/breed-uploads/2018/08/Siberian-02.jpg?bust=1539031326&width=355,"The Siberian, Russia’s native forest cat, first appeared in recorded history around the year 1000 and hails from the unforgiving climate of Siberia. This is a cat that nature designed to survive, with no extremes in type. The Siberian is a medium to medium large, strong triple-coated cat with surprising heft for its size. The overall appearance should be one of strength, presence, and alertness, with a sweet facial expression. The breed is extremely slow to mature taking as long as 5 years.",Longhair,Russian native breed; rare outside of Europe,Large and powerful,4,3,4,4,2,2,3,4,3,4,3,5
Singapura,https://d17fnq9dkz9hgj.cloudfront.net/breed-uploads/2018/08/singapura-detail-1.jpg?bust=1540317126&width=355,The appearance of an alert healthy small- to medium-sized muscular bodied cat with noticeably large eyes and ears in proportion to its head. Cat to have the illusion of refined delicate coloring.,Shorthair,"Warm beige, ticked coat; large expressive eyes; small cat","Sweet, demanding, affectionate and occasionally bossy",5,4,3,3,1,2,5,4,1,4,3,2
Snowshoe,https://d17fnq9dkz9hgj.cloudfront.net/breed-uploads/2018/08/snowshoe-detail.jpg?bust=1535567194&width=355,"The combination of short hair, modified wedge, semi-foreign build, and particolor points sets the Snowshoe apart from other breeds. The Snowshoe is a strikingly marked cat in a variety of unique patterns.",,,,5,4,4,4,3,4,4,5,3,4,4,3
Somali,https://d17fnq9dkz9hgj.cloudfront.net/breed-uploads/2018/08/somali-detail.jpg?bust=1535567203&width=355,"The overall impression of the Somali is that of a well-proportioned medium to large cat, firm muscular development, lithe, showing an alert, lively interest in all surroundings, with an even disposition and easy to handle. The cat is to give the appearance of activity, sound health, and general vigor.",Longhair,Longhaired variety of the Abyssinian and available in the same colors,"Busy, active, agenda-driven and affectionate",5,5,3,2,3,1,4,4,1,4,3,2
Sphynx,https://d17fnq9dkz9hgj.cloudfront.net/breed-uploads/2018/08/sphynx-hairless-cat-detail.jpg?bust=1535567209&width=355,"The most distinctive feature of this cat is its appearance of hairlessness. The Sphynx is of medium size and body conformation with surprising weight for its size. The body feels warm and soft to the touch, with a skin texture akin to either a soft peach or a smooth nectarine. The Sphynx is sweet-tempered, lively, and amenable to handling.",Shorthair,The “hairless” cat; rare,"Active, affectionate",5,4,4,4,5,4,5,5,4,5,1,3
Tonkinese,https://d17fnq9dkz9hgj.cloudfront.net/breed-uploads/2018/08/Tonkinese-02.jpg?bust=1539031355&width=355,"The Tonkinese is an alert, active cat with good muscular development. Tonkinese cats are very personable and are known for their good temperament and loyal companionship.",Shorthair,Originally developed from Burmese and Siamese; strikes a balance between the two parent breeds,"Can be vocal, people oriented",4,5,4,4,1,4,4,4,3,4,2,3
Toyger,https://d17fnq9dkz9hgj.cloudfront.net/breed-uploads/2019/10/Toyger-482x260.png?bust=1570817425&width=355,"With majestic looks fitting for a tiger, the Toyger is a medium-sized, muscular cat with a long, rectangular body, substantial boning, high shoulders and inverted heart-shaped face. Her powerful body type lends itself to the slinky, rolling stride of a wild cat, demanding your attention. With a coat pattern that’s uniquely hers, the Toyger has circular facial markings and dark vertical stripes patterned against her shiny, plush, vivid orange coat.",,,,5,5,5,4,1,2,3,5,5,5,3,2
Turkish Angora,https://d17fnq9dkz9hgj.cloudfront.net/breed-uploads/2018/08/turkish-angora-detail.jpg?bust=1535567220&width=355,"A balanced, graceful cat with a fine, silky coat that shimmers with every movement, in contrast to the firm, long muscular body beneath it.",Longhair,Originated in Turkey; silky intermediate length coat; long body; several colors and patterns,"Busy, curious",4,4,3,3,3,1,4,4,2,4,2,3
Turkish Van,https://d17fnq9dkz9hgj.cloudfront.net/breed-uploads/2018/08/turkish-van-detail.jpg?bust=1535567230&width=355,"The Turkish Van is a natural breed from the rugged, remote, and climatically varied region of the Middle East. The breed is known for its unique, distinctive pattern; the term “Van” has been adopted by a variety of breeds to describe white cats with colored head and tail markings. The Turkish Van is a solidly built, semi-longhaired cat with great breadth to the chest. The strength and power of the cat is evidenced in its substantial body and legs. This breed takes a full 3 to 5 years to reach full maturity and development.",Longhair,All white except for color on head and tail,Sweet and interested; enjoy water,4,5,4,4,3,4,4,4,2,4,3,4
York Chocolate,https://d17fnq9dkz9hgj.cloudfront.net/breed-uploads/2018/08/york_482x260.jpg?bust=1556227233&width=355,"The ideal York Chocolate is a strikingly rich chocolate brown or lustrous lavender with a coat that has a glossy sheen and flows over body lines accentuating graceful, flexible body movement.",,,,4,4,5,5,1,1,4,4,5,4,4,4